{"cameraMode":{"drawMode":0,"name":"Shaded","section":"Shading Mode"},"sceneLighting":true,"audioPlay":false,"sceneViewState":{"showFog":true,"showMaterialUpdate":false,"showSkybox":false,"showFlares":true,"showImageEffects":true,"showParticleSystems":true},"in2DMode":false,"pivot":{"x":0.8830621242523193,"y":6.274303913116455,"z":76.6509780883789},"rotation":{"x":0.001274267677217722,"y":0.9980751872062683,"z":-0.022772563621401788,"w":0.05844137817621231},"size":6.041525363922119,"orthographic":false}