{"cameraMode":{"drawMode":0,"name":"Shaded","section":"Shading Mode"},"sceneLighting":false,"audioPlay":false,"sceneViewState":{"showFog":true,"showMaterialUpdate":false,"showSkybox":false,"showFlares":true,"showImageEffects":true,"showParticleSystems":true},"in2DMode":false,"pivot":{"x":486.0400085449219,"y":1749.92822265625,"z":0.0},"rotation":{"x":0.020687412470579149,"y":0.011094419285655022,"z":0.00023659899306949228,"w":-0.9997367262840271},"size":585.6762084960938,"orthographic":false}