{"cameraMode":{"drawMode":0,"name":"Shaded","section":"Shading Mode"},"sceneLighting":false,"audioPlay":false,"sceneViewState":{"showFog":true,"showMaterialUpdate":false,"showSkybox":false,"showFlares":true,"showImageEffects":true,"showParticleSystems":true},"in2DMode":false,"pivot":{"x":-1.6989656686782838,"y":4.050030708312988,"z":6.592446327209473},"rotation":{"x":-0.09987609088420868,"y":0.7188728451728821,"z":-0.10553007572889328,"w":-0.6798489093780518},"size":10.0,"orthographic":false}